word,syllable
a,No syllable
abandon,aban-​don
ability,abil-​i-​ty
able,No syllable
abortion,abor-​tion
about,No syllable
above,No syllable
abroad,No syllable
absence,ab-​sence
absolute,ab-​so-​lute
absolutely,ab-​so-​lute-​ly
absorb,ab-​sorb
abuse,No syllable
academic,ac-​a-​dem-​ic
accept,ac-​cept
access,ac-​cess
accident,ac-​ci-​dent
accompany,ac-​com-​pa-​ny
accomplish,ac-​com-​plish
according,ac-​cord
account,ac-​count
accurate,ac-​cu-​rate
accuse,ac-​cuse
achieve,No syllable
achievement,achieve-​ment
acid,ac-​id
acknowledge,ac-​knowl-​edge
acquire,ac-​quire
across,No syllable
act,No syllable
action,ac-​tion
active,ac-​tive
activist,ac-​tiv-​ist
activity,ac-​tiv-​i-​ty
actor,ac-​tor
actress,ac-​tress
actual,ac-​tu-​al
actually,ac-​tu-​al-​ly
ad,No syllable
adapt,No syllable
add,No syllable
addition,ad-​di-​tion
additional,ad-​di-​tion-​al
address,ad-​dress
adequate,ad-​e-​quate
adjust,ad-​just
adjustment,ad-​just-​ment
administration,ad-​min-​is-​tra-​tion
administrator,ad-​min-​is-​tra-​tor
admire,ad-​mire
admission,ad-​mis-​sion
admit,ad-​mit
adolescent,ad-​o-​les-​cent
adopt,No syllable
adult,No syllable
advance,ad-​vance
advanced,ad-​vanced
advantage,ad-​van-​tage
adventure,ad-​ven-​ture
advertising,ad-​ver-​tis-​ing
advice,ad-​vice
advise,ad-​vise
adviser,ad-​vis-​er
advocate,ad-​vo-​cate
affair,af-​fair
affect,af-​fect
afford,af-​ford
afraid,No syllable
African,Af-​ri-​can
African-American,No syllable
after,af-​ter
afternoon,af-​ter-​noon
again,No syllable
against,No syllable
age,No syllable
agency,agen-​cy
agenda,agen-​da
agent,No syllable
aggressive,ag-​gres-​sive
ago,No syllable
agree,No syllable
agreement,agree-​ment
agricultural,ag-​ri-​cul-​tur-​al
ah,No syllable
ahead,No syllable
aid,No syllable
aide,No syllable
AIDS,No syllable
aim,No syllable
air,No syllable
aircraft,air-​craft
airline,air-​line
airport,air-​port
album,al-​bum
alcohol,al-​co-​hol
alive,No syllable
all,No syllable
alliance,al-​li-​ance
allow,al-​low
ally,al-​ly
almost,al-​most
alone,No syllable
along,No syllable
already,al-​ready
also,al-​so
alter,al-​ter
alternative,al-​ter-​na-​tive
although,al-​though
always,al-​ways
AM,No syllable
amazing,amaz-​ing
American,Amer-​i-​can
among,No syllable
amount,No syllable
analysis,anal-​y-​sis
analyst,an-​a-​lyst
analyze,an-​a-​lyze
ancient,an-​cient
and,No syllable
anger,an-​ger
angle,an-​gle
angry,an-​gry
animal,an-​i-​mal
anniversary,an-​ni-​ver-​sa-​ry
announce,an-​nounce
annual,an-​nu-​al
another,an-​oth-​er
answer,an-​swer
anticipate,an-​tic-​i-​pate
anxiety,anx-​i-​ety
any,No syllable
anybody,any-​body
anymore,any-​more
anyone,any-​one
anything,any-​thing
anyway,any-​way
anywhere,any-​where
apart,No syllable
apartment,apart-​ment
apparent,ap-​par-​ent
apparently,ap-​par-​ent-​ly
appeal,ap-​peal
appear,ap-​pear
appearance,ap-​pear-​ance
apple,ap-​ple
application,ap-​pli-​ca-​tion
apply,ap-​ply
appoint,ap-​point
appointment,ap-​point-​ment
appreciate,ap-​pre-​ci-​ate
approach,ap-​proach
appropriate,ap-​pro-​pri-​ate
approval,ap-​prov-​al
approve,ap-​prove
approximately,ap-​prox-​i-​mate-​ly
Arab,Ar-​ab
architect,ar-​chi-​tect
area,ar-​ea
argue,ar-​gue
argument,ar-​gu-​ment
arise,No syllable
arm,No syllable
armed,No syllable
army,ar-​my
around,No syllable
arrange,ar-​range
arrangement,ar-​range-​ment
arrest,ar-​rest
arrival,ar-​riv-​al
arrive,ar-​rive
art,No syllable
article,ar-​ti-​cle
artist,art-​ist
artistic,ar-​tis-​tic
as,No syllable
Asian,No syllable
aside,No syllable
ask,No syllable
asleep,No syllable
aspect,as-​pect
assault,as-​sault
assert,as-​sert
assess,as-​sess
assessment,as-​sess-​ment
asset,as-​set
assign,as-​sign
assignment,as-​sign-​ment
assist,as-​sist
assistance,as-​sis-​tance
assistant,as-​sis-​tant
associate,as-​so-​ci-​ate
association,as-​so-​ci-​a-​tion
assume,as-​sume
assumption,as-​sump-​tion
assure,as-​sure
at,No syllable
athlete,ath-​lete
athletic,ath-​let-​ic
atmosphere,at-​mo-​sphere
attach,at-​tach
attack,at-​tack
attempt,at-​tempt
attend,at-​tend
attention,at-​ten-​tion
attitude,at-​ti-​tude
attorney,at-​tor-​ney
attract,at-​tract
attractive,at-​trac-​tive
attribute,at-​tri-​bute
audience,au-​di-​ence
author,au-​thor
authority,au-​thor-​i-​ty
auto,au-​to
available,avail-​able
average,av-​er-​age
avoid,No syllable
award,No syllable
aware,No syllable
awareness,aware-​ness
away,No syllable
awful,aw-​ful
baby,ba-​by
back,No syllable
background,back-​ground
bad,No syllable
badly,bad-​ly
bag,No syllable
bake,No syllable
balance,bal-​ance
ball,No syllable
ban,No syllable
band,No syllable
bank,No syllable
bar,No syllable
barely,bare-​ly
barrel,bar-​rel
barrier,bar-​ri-​er
base,No syllable
baseball,base-​ball
basic,ba-​sic
basically,ba-​si-​cal-​ly
basis,ba-​sis
basket,bas-​ket
basketball,bas-​ket-​ball
bathroom,bath-​room
battery,bat-​tery
battle,bat-​tle
be,No syllable
beach,No syllable
bean,No syllable
bear,No syllable
beat,No syllable
beautiful,beau-​ti-​ful
beauty,beau-​ty
because,be-​cause
become,be-​come
bed,No syllable
bedroom,bed-​room
beer,No syllable
before,be-​fore
begin,be-​gin
beginning,be-​gin-​ning
behavior,be-​hav-​ior
behind,be-​hind
being,be-​ing
belief,be-​lief
believe,be-​lieve
bell,No syllable
belong,be-​long
below,be-​low
belt,No syllable
bench,No syllable
bend,No syllable
beneath,be-​neath
benefit,ben-​e-​fit
beside,be-​side
besides,be-​sides
best,No syllable
bet,No syllable
better,bet-​ter
between,be-​tween
beyond,be-​yond
Bible,bi-​ble
big,No syllable
bike,No syllable
bill,No syllable
billion,bil-​lion
bind,No syllable
biological,bi-​o-​log-​i-​cal
bird,No syllable
birth,No syllable
birthday,birth-​day
bit,No syllable
bite,No syllable
black,No syllable
blade,No syllable
blame,No syllable
blanket,blan-​ket
blind,No syllable
block,No syllable
blood,No syllable
blow,No syllable
blue,No syllable
board,No syllable
boat,No syllable
body,No syllable
bomb,No syllable
bombing,No syllable
bond,No syllable
bone,No syllable
book,No syllable
boom,No syllable
boot,No syllable
border,bor-​der
born,No syllable
borrow,bor-​row
boss,No syllable
both,No syllable
bother,both-​er
bottle,bot-​tle
bottom,bot-​tom
boundary,bound-​ary
bowl,No syllable
box,No syllable
boy,No syllable
boyfriend,boy-​friend
brain,No syllable
branch,No syllable
brand,No syllable
bread,No syllable
break,No syllable
breakfast,break-​fast
breast,No syllable
breath,No syllable
breathe,No syllable
brick,No syllable
bridge,No syllable
brief,No syllable
briefly,brief-​ly
bright,No syllable
brilliant,bril-​liant
bring,No syllable
British,Brit-​ish
broad,No syllable
broken,bro-​ken
brother,broth-​er
brown,No syllable
brush,No syllable
buck,No syllable
budget,bud-​get
build,No syllable
building,build-​ing
bullet,bul-​let
bunch,No syllable
burden,bur-​den
burn,No syllable
bury,No syllable
bus,No syllable
business,busi-​ness
busy,No syllable
but,No syllable
butter,but-​ter
button,but-​ton
buy,No syllable
buyer,buy-​er
by,No syllable
cabin,cab-​in
cabinet,cab-​i-​net
cable,ca-​ble
cake,No syllable
calculate,cal-​cu-​late
call,No syllable
camera,cam-​era
camp,No syllable
campaign,cam-​paign
campus,cam-​pus
can,No syllable
Canadian,Ca-​na-​di-​an
cancer,can-​cer
candidate,can-​di-​date
cap,No syllable
capability,ca-​pa-​bil-​i-​ty
capable,ca-​pa-​ble
capacity,ca-​pac-​i-​ty
capital,cap-​i-​tal
captain,cap-​tain
capture,cap-​ture
car,No syllable
carbon,car-​bon
card,No syllable
care,No syllable
career,ca-​reer
careful,care-​ful
carefully,care-​ful
carrier,car-​ri-​er
carry,car-​ry
case,No syllable
cash,No syllable
cast,No syllable
cat,No syllable
catch,No syllable
category,cat-​e-​go-​ry
Catholic,cath-​o-​lic
cause,No syllable
ceiling,ceil-​ing
celebrate,cel-​e-​brate
celebration,cel-​e-​brate
celebrity,ce-​leb-​ri-​ty
cell,No syllable
center,cen-​ter
central,cen-​tral
century,cen-​tu-​ry
CEO,No syllable
ceremony,cer-​e-​mo-​ny
certain,cer-​tain
certainly,cer-​tain-​ly
chain,No syllable
chair,No syllable
chairman,chair-​man
challenge,chal-​lenge
chamber,cham-​ber
champion,cham-​pi-​on
championship,cham-​pi-​on-​ship
chance,No syllable
change,No syllable
changing,No syllable
channel,chan-​nel
chapter,chap-​ter
character,char-​ac-​ter
characteristic,char-​ac-​ter-​is-​tic
characterize,char-​ac-​ter-​ize
charge,No syllable
charity,char-​i-​ty
chart,No syllable
chase,No syllable
cheap,No syllable
check,No syllable
cheek,No syllable
cheese,No syllable
chef,No syllable
chemical,chem-​i-​cal
chest,No syllable
chicken,chick-​en
chief,No syllable
child,No syllable
childhood,child-​hood
Chinese,Chi-​nese
chip,No syllable
chocolate,choc-​o-​late
choice,No syllable
cholesterol,cho-​les-​ter-​ol
choose,No syllable
Christmas,Christ-​mas
church,No syllable
cigarette,cig-​a-​rette
circle,cir-​cle
circumstance,cir-​cum-​stance
cite,No syllable
citizen,cit-​i-​zen
city,No syllable
civil,civ-​il
civilian,ci-​vil-​ian
claim,No syllable
class,No syllable
classic,clas-​sic
classroom,class-​room
clean,No syllable
clear,No syllable
clearly,clear-​ly
client,cli-​ent
climate,cli-​mate
climb,No syllable
clinic,clin-​ic
clinical,clin-​i-​cal
clock,No syllable
close,No syllable
closely,No syllable
closer,clos-​er
clothes,No syllable
clothing,cloth-​ing
cloud,No syllable
club,No syllable
clue,No syllable
cluster,clus-​ter
coach,No syllable
coal,No syllable
coalition,co-​a-​li-​tion
coast,No syllable
coat,No syllable
code,No syllable
coffee,cof-​fee
cognitive,cog-​ni-​tive
cold,No syllable
collapse,col-​lapse
colleague,col-​league
collect,col-​lect
collection,col-​lec-​tion
collective,col-​lec-​tive
college,col-​lege
colonial,co-​lo-​nial
color,col-​or
column,col-​umn
combination,com-​bi-​na-​tion
combine,com-​bine
come,No syllable
comedy,com-​e-​dy
comfort,com-​fort
comfortable,com-​fort-​able
command,com-​mand
commander,com-​mand-​er
comment,com-​ment
commercial,com-​mer-​cial
commission,com-​mis-​sion
commit,com-​mit
commitment,com-​mit-​ment
committee,com-​mit-​tee
common,com-​mon
communicate,com-​mu-​ni-​cate
communication,com-​mu-​ni-​ca-​tion
community,com-​mu-​ni-​ty
company,com-​pa-​ny
compare,com-​pare
comparison,com-​par-​i-​son
compete,com-​pete
competition,com-​pe-​ti-​tion
competitive,com-​pet-​i-​tive
competitor,com-​pet-​i-​tor
complain,com-​plain
complaint,com-​plaint
complete,com-​plete
completely,com-​plete
complex,com-​plex
complicated,com-​pli-​cat-​ed
component,com-​po-​nent
compose,com-​pose
composition,com-​po-​si-​tion
comprehensive,com-​pre-​hen-​sive
computer,com-​put-​er
concentrate,con-​cen-​trate
concentration,con-​cen-​tra-​tion
concept,con-​cept
concern,con-​cern
concerned,con-​cerned
concert,con-​cert
conclude,con-​clude
conclusion,con-​clu-​sion
concrete,con-​crete
condition,con-​di-​tion
conduct,con-​duct
conference,con-​fer-​ence
confidence,con-​fi-​dence
confident,con-​fi-​dent
confirm,con-​firm
conflict,con-​flict
confront,con-​front
confusion,con-​fu-​sion
Congress,con-​gress
congressional,con-​gress
connect,con-​nect
connection,con-​nec-​tion
consciousness,con-​scious-​ness
consensus,con-​sen-​sus
consequence,con-​se-​quence
conservative,con-​ser-​va-​tive
consider,con-​sid-​er
considerable,con-​sid-​er-​able
consideration,con-​sid-​er-​a-​tion
consist,con-​sist
consistent,con-​sis-​tent
constant,con-​stant
constantly,con-​stant-​ly
constitute,con-​sti-​tute
constitutional,con-​sti-​tu-​tion-​al
construct,con-​struct
construction,con-​struc-​tion
consultant,con-​sul-​tant
consume,con-​sume
consumer,con-​sum-​er
consumption,con-​sump-​tion
contact,con-​tact
contain,con-​tain
container,con-​tain-​er
contemporary,con-​tem-​po-​rary
content,con-​tent
contest,con-​test
context,con-​text
continue,con-​tin-​ue
continued,con-​tin-​ued
contract,con-​tract
contrast,con-​trast
contribute,con-​trib-​ute
contribution,con-​tri-​bu-​tion
control,con-​trol
controversial,con-​tro-​ver-​sial
controversy,con-​tro-​ver-​sy
convention,con-​ven-​tion
conventional,con-​ven-​tion-​al
conversation,con-​ver-​sa-​tion
convert,con-​vert
conviction,con-​vic-​tion
convince,con-​vince
cook,No syllable
cookie,cook-​ie
cooking,cook-​ing
cool,No syllable
cooperation,co-​op-​er-​a-​tion
cop,No syllable
cope,No syllable
copy,No syllable
core,No syllable
corn,No syllable
corner,cor-​ner
corporate,cor-​po-​rate
corporation,cor-​po-​ra-​tion
correct,cor-​rect
correspondent,cor-​re-​spon-​dent
cost,No syllable
cotton,cot-​ton
couch,No syllable
could,No syllable
council,coun-​cil
counselor,coun-​sel-​or
count,No syllable
counter,count-​er
country,coun-​try
county,coun-​ty
couple,cou-​ple
courage,cour-​age
course,No syllable
court,No syllable
cousin,cous-​in
cover,cov-​er
coverage,cov-​er-​age
cow,No syllable
crack,No syllable
craft,No syllable
crash,No syllable
crazy,cra-​zy
cream,No syllable
create,cre-​ate
creation,cre-​a-​tion
creative,cre-​a-​tive
creature,crea-​ture
credit,cred-​it
crew,No syllable
crime,No syllable
criminal,crim-​i-​nal
crisis,cri-​sis
criteria,cri-​te-​ri-​on
critic,crit-​ic
critical,crit-​i-​cal
criticism,crit-​i-​cism
criticize,crit-​i-​cize
crop,No syllable
cross,No syllable
crowd,No syllable
crucial,cru-​cial
cry,No syllable
cultural,cul-​tur-​al
culture,cul-​ture
cup,No syllable
curious,cu-​ri-​ous
current,cur-​rent
currently,cur-​rent-​ly
curriculum,cur-​ric-​u-​lum
custom,cus-​tom
customer,cus-​tom-​er
cut,No syllable
cycle,cy-​cle
dad,No syllable
daily,dai-​ly
damage,dam-​age
dance,No syllable
danger,dan-​ger
dangerous,dan-​ger-​ous
dare,No syllable
dark,No syllable
darkness,No syllable
data,da-​ta
date,No syllable
daughter,daugh-​ter
day,No syllable
dead,No syllable
deal,No syllable
dealer,No syllable
dear,No syllable
death,No syllable
debate,de-​bate
debt,No syllable
decade,de-​cade
decide,de-​cide
decision,de-​ci-​sion
deck,No syllable
declare,de-​clare
decline,de-​cline
decrease,de-​crease
deep,No syllable
deeply,No syllable
deer,No syllable
defeat,de-​feat
defend,de-​fend
defendant,de-​fen-​dant
defense,de-​fense
defensive,de-​fen-​sive
deficit,def-​i-​cit
define,de-​fine
definitely,def-​i-​nite-​ly
definition,def-​i-​ni-​tion
degree,de-​gree
delay,de-​lay
deliver,de-​liv-​er
delivery,de-​liv-​ery
demand,de-​mand
democracy,de-​moc-​ra-​cy
Democrat,dem-​o-​crat
democratic,dem-​o-​crat-​ic
demonstrate,dem-​on-​strate
demonstration,dem-​on-​stra-​tion
deny,de-​ny
department,de-​part-​ment
depend,de-​pend
dependent,de-​pen-​dent
depending,de-​pend
depict,de-​pict
depression,de-​pres-​sion
depth,No syllable
deputy,dep-​u-​ty
derive,de-​rive
describe,de-​scribe
description,de-​scrip-​tion
desert,des-​ert
deserve,de-​serve
design,de-​sign
designer,de-​sign-​er
desire,de-​sire
desk,No syllable
desperate,des-​per-​ate
despite,de-​spite
destroy,de-​stroy
destruction,de-​struc-​tion
detail,de-​tail
detailed,de-​tailed
detect,de-​tect
determine,de-​ter-​mine
develop,de-​vel-​op
developing,de-​vel-​op-​ing
development,de-​vel-​op-​ment
device,de-​vice
devote,de-​vote
dialogue,di-​a-​logue
die,No syllable
diet,di-​et
differ,dif-​fer
difference,dif-​fer-​ence
different,dif-​fer-​ent
differently,dif-​fer-​ent-​ly
difficult,dif-​fi-​cult
difficulty,dif-​fi-​cul-​ty
dig,No syllable
digital,dig-​i-​tal
dimension,di-​men-​sion
dining,No syllable
dinner,din-​ner
direct,di-​rect
direction,di-​rec-​tion
directly,di-​rect-​ly
director,di-​rec-​tor
dirt,No syllable
dirty,No syllable
disability,dis-​abil-​i-​ty
disagree,dis-​agree
disappear,dis-​ap-​pear
disaster,di-​sas-​ter
discipline,dis-​ci-​pline
discourse,dis-​course
discover,dis-​cov-​er
discovery,dis-​cov-​ery
discrimination,dis-​crim-​i-​na-​tion
discuss,dis-​cuss
discussion,dis-​cus-​sion
disease,dis-​ease
dish,No syllable
dismiss,dis-​miss
disorder,dis-​or-​der
display,dis-​play
dispute,dis-​pute
distance,dis-​tance
distant,dis-​tant
distinct,dis-​tinct
distinction,dis-​tinc-​tion
distinguish,dis-​tin-​guish
distribute,dis-​trib-​ute
distribution,dis-​tri-​bu-​tion
district,dis-​trict
diverse,di-​verse
diversity,di-​ver-​si-​ty
divide,di-​vide
division,di-​vi-​sion
divorce,di-​vorce
DNA,No syllable
do,No syllable
doctor,doc-​tor
document,doc-​u-​ment
dog,No syllable
domestic,do-​mes-​tic
dominant,dom-​i-​nant
dominate,dom-​i-​nate
door,No syllable
double,dou-​ble
doubt,No syllable
down,No syllable
downtown,down-​town
dozen,doz-​en
draft,No syllable
drag,No syllable
drama,dra-​ma
dramatic,dra-​mat-​ic
dramatically,dra-​mat-​ic
draw,No syllable
drawing,draw-​ing
dream,No syllable
dress,No syllable
drink,No syllable
drive,No syllable
driver,driv-​er
drop,No syllable
drug,No syllable
dry,No syllable
due,No syllable
during,dur-​ing
dust,No syllable
duty,du-​ty
each,No syllable
eager,ea-​ger
ear,No syllable
early,ear-​ly
earn,No syllable
earnings,earn-​ings
earth,No syllable
ease,No syllable
easily,eas-​i-​ly
east,No syllable
eastern,east-​ern
easy,No syllable
eat,No syllable
economic,eco-​nom-​ic
economics,eco-​nom-​ics
economist,econ-​o-​mist
economy,econ-​o-​my
edge,No syllable
edition,edi-​tion
editor,ed-​i-​tor
educate,ed-​u-​cate
education,ed-​u-​ca-​tion
educational,ed-​u-​ca-​tion
educator,ed-​u-​ca-​tor
effect,ef-​fect
effective,ef-​fec-​tive
effectively,ef-​fec-​tive-​ly
efficiency,ef-​fi-​cien-​cy
efficient,ef-​fi-​cient
effort,ef-​fort
egg,No syllable
eight,No syllable
either,ei-​ther
elderly,el-​der-​ly
elect,No syllable
election,elec-​tion
electric,elec-​tric
electricity,elec-​tric-​i-​ty
electronic,elec-​tron-​ic
element,el-​e-​ment
elementary,el-​e-​men-​ta-​ry
eliminate,elim-​i-​nate
elite,No syllable
else,No syllable
elsewhere,else-​where
e-mail,No syllable
embrace,em-​brace
emerge,No syllable
emergency,emer-​gen-​cy
emission,emis-​sion
emotion,emo-​tion
emotional,emo-​tion-​al
emphasis,em-​pha-​sis
emphasize,em-​pha-​size
employ,em-​ploy
employee,em-​ploy-​ee
employer,em-​ploy-​er
employment,em-​ploy-​ment
empty,emp-​ty
enable,en-​able
encounter,en-​coun-​ter
encourage,en-​cour-​age
end,No syllable
enemy,en-​e-​my
energy,en-​er-​gy
enforcement,en-​force
engage,en-​gage
engine,en-​gine
engineer,en-​gi-​neer
engineering,en-​gi-​neer-​ing
English,En-​glish
enhance,en-​hance
enjoy,en-​joy
enormous,enor-​mous
enough,No syllable
ensure,en-​sure
enter,en-​ter
enterprise,en-​ter-​prise
entertainment,en-​ter-​tain-​ment
entire,en-​tire
entirely,en-​tire-​ly
entrance,en-​trance
entry,en-​try
environment,en-​vi-​ron-​ment
environmental,en-​vi-​ron-​ment
episode,ep-​i-​sode
equal,No syllable
equally,equal-​ly
equipment,equip-​ment
era,No syllable
error,er-​ror
escape,es-​cape
especially,es-​pe-​cial-​ly
essay,es-​say
essential,es-​sen-​tial
essentially,es-​sen-​tial-​ly
establish,es-​tab-​lish
establishment,es-​tab-​lish-​ment
estate,es-​tate
estimate,es-​ti-​mate
etc,No syllable
ethics,eth-​ic
ethnic,eth-​nic
European,Eu-​ro-​pe-​an
evaluate,eval-​u-​ate
evaluation,eval-​u-​a-​tion
even,No syllable
evening,eve-​ning
event,No syllable
eventually,even-​tu-​al-​ly
ever,ev-​er
every,ev-​ery
everybody,ev-​ery-​body
everyday,ev-​ery-​day
everyone,ev-​ery-​one
everything,ev-​ery-​thing
everywhere,ev-​ery-​where
evidence,ev-​i-​dence
evolution,evo-​lu-​tion
evolve,No syllable
exact,ex-​act
exactly,ex-​act-​ly
examination,ex-​am-​i-​na-​tion
examine,ex-​am-​ine
example,ex-​am-​ple
exceed,ex-​ceed
excellent,ex-​cel-​lent
except,ex-​cept
exception,ex-​cep-​tion
exchange,ex-​change
exciting,ex-​cit-​ing
executive,ex-​ec-​u-​tive
exercise,ex-​er-​cise
exhibit,ex-​hib-​it
exhibition,ex-​hi-​bi-​tion
exist,ex-​ist
existence,ex-​is-​tence
existing,ex-​ist
expand,ex-​pand
expansion,ex-​pan-​sion
expect,ex-​pect
expectation,ex-​pec-​ta-​tion
expense,ex-​pense
expensive,ex-​pen-​sive
experience,ex-​pe-​ri-​ence
experiment,ex-​per-​i-​ment
expert,ex-​pert
explain,ex-​plain
explanation,ex-​pla-​na-​tion
explode,ex-​plode
explore,ex-​plore
explosion,ex-​plo-​sion
expose,ex-​pose
exposure,ex-​po-​sure
express,ex-​press
expression,ex-​pres-​sion
extend,ex-​tend
extension,ex-​ten-​sion
extensive,ex-​ten-​sive
extent,ex-​tent
external,ex-​ter-​nal
extra,ex-​tra
extraordinary,ex-​traor-​di-​nary
extreme,ex-​treme
extremely,ex-​treme-​ly
eye,No syllable
fabric,fab-​ric
face,No syllable
facility,fa-​cil-​i-​ty
fact,No syllable
factor,fac-​tor
factory,fac-​to-​ry
faculty,fac-​ul-​ty
fade,No syllable
fail,No syllable
failure,fail-​ure
fair,No syllable
fairly,fair-​ly
faith,No syllable
fall,No syllable
false,No syllable
familiar,fa-​mil-​iar
family,fam-​i-​ly
famous,fa-​mous
fan,No syllable
fantasy,fan-​ta-​sy
far,No syllable
farm,No syllable
farmer,farm-​er
fashion,fash-​ion
fast,No syllable
fat,No syllable
fate,No syllable
father,fa-​ther
fault,No syllable
favor,fa-​vor
favorite,fa-​vor-​ite
fear,No syllable
feature,fea-​ture
federal,fed-​er-​al
fee,No syllable
feed,No syllable
feel,No syllable
feeling,feel-​ing
fellow,fel-​low
female,fe-​male
fence,No syllable
few,No syllable
fewer,few-​er
fiber,fi-​ber
fiction,fic-​tion
field,No syllable
fifteen,fif-​teen
fifth,No syllable
fifty,fif-​ty
fight,No syllable
fighter,fight-​er
fighting,fight-​ing
figure,fig-​ure
file,fi-​lé
fill,No syllable
film,No syllable
final,fi-​nal
finally,fi-​nal-​ly
finance,fi-​nance
financial,fi-​nan-​cial
find,No syllable
finding,find-​ing
fine,fi-​ne
finger,fin-​ger
finish,fin-​ish
fire,No syllable
firm,No syllable
first,No syllable
fish,No syllable
fishing,fish-​ing
fit,No syllable
fitness,fit-​ness
five,No syllable
fix,No syllable
flag,No syllable
flame,No syllable
flat,No syllable
flavor,fla-​vor
flee,No syllable
flesh,No syllable
flight,No syllable
float,No syllable
floor,No syllable
flow,No syllable
flower,flow-​er
fly,No syllable
focus,fo-​cus
folk,No syllable
follow,fol-​low
following,fol-​low-​ing
food,No syllable
foot,No syllable
football,foot-​ball
for,No syllable
force,No syllable
foreign,for-​eign
forest,for-​est
forever,for-​ev-​er
forget,for-​get
form,No syllable
formal,for-​mal
formation,for-​ma-​tion
former,for-​mer
formula,for-​mu-​la
forth,No syllable
fortune,for-​tune
forward,for-​ward
found,No syllable
foundation,foun-​da-​tion
founder,found-​er
four,No syllable
fourth,No syllable
frame,No syllable
framework,frame-​work
free,No syllable
freedom,free-​dom
freeze,No syllable
French,No syllable
frequency,fre-​quen-​cy
frequent,fre-​quent
frequently,fre-​quent-​ly
fresh,No syllable
friend,No syllable
friendly,friend-​ly
friendship,friend-​ship
from,No syllable
front,No syllable
fruit,No syllable
frustration,frus-​tra-​tion
fuel,fu-​el
full,No syllable
fully,ful-​ly
fun,No syllable
function,func-​tion
fund,No syllable
fundamental,fun-​da-​men-​tal
funding,No syllable
funeral,fu-​ner-​al
funny,fun-​ny
furniture,fur-​ni-​ture
furthermore,fur-​ther-​more
future,fu-​ture
gain,No syllable
galaxy,gal-​axy
gallery,gal-​lery
game,No syllable
gang,No syllable
gap,No syllable
garage,ga-​rage
garden,gar-​den
garlic,gar-​lic
gas,No syllable
gate,No syllable
gather,gath-​er
gay,No syllable
gaze,No syllable
gear,No syllable
gender,gen-​der
gene,No syllable
general,gen-​er-​al
generally,gen-​er-​al-​ly
generate,gen-​er-​ate
generation,gen-​er-​a-​tion
genetic,ge-​net-​ic
gentleman,gen-​tle-​man
gently,gen-​tle
German,Ger-​man
gesture,ges-​ture
get,No syllable
ghost,No syllable
giant,gi-​ant
gift,No syllable
gifted,gift-​ed
girl,No syllable
girlfriend,girl-​friend
give,No syllable
given,giv-​en
glad,No syllable
glance,No syllable
glass,No syllable
global,glob-​al
glove,No syllable
go,No syllable
goal,No syllable
God,No syllable
gold,No syllable
golden,gold-​en
golf,No syllable
good,No syllable
government,gov-​ern-​ment
governor,gov-​er-​nor
grab,No syllable
grade,No syllable
gradually,grad-​u-​al
graduate,grad-​u-​ate
grain,No syllable
grand,No syllable
grandfather,grand-​fa-​ther
grandmother,grand-​moth-​er
grant,No syllable
grass,No syllable
grave,gra-​ve
gray,No syllable
great,No syllable
greatest,No syllable
green,No syllable
grocery,gro-​cery
ground,No syllable
group,No syllable
grow,No syllable
growing,grow-​ing
growth,No syllable
guarantee,guar-​an-​tee
guard,No syllable
guess,No syllable
guest,No syllable
guide,No syllable
guideline,guide-​line
guilty,No syllable
gun,No syllable
guy,No syllable
habit,hab-​it
habitat,hab-​i-​tat
hair,No syllable
half,No syllable
hall,No syllable
hand,No syllable
handful,hand-​ful
handle,han-​dle
hang,No syllable
happen,hap-​pen
happy,hap-​py
hard,No syllable
hardly,hard-​ly
hat,No syllable
hate,No syllable
have,No syllable
he,No syllable
head,No syllable
headline,head-​line
headquarters,head-​quar-​ters
health,No syllable
healthy,No syllable
hear,No syllable
hearing,hear-​ing
heart,No syllable
heat,No syllable
heaven,heav-​en
heavily,heavi-​ly
heavy,No syllable
heel,No syllable
height,No syllable
helicopter,he-​li-​cop-​ter
hell,No syllable
hello,hel-​lo
help,No syllable
helpful,help-​ful
her,No syllable
here,No syllable
heritage,her-​i-​tage
hero,he-​ro
herself,her-​self
hey,No syllable
hi,No syllable
hide,No syllable
high,No syllable
highlight,high-​light
highly,high-​ly
highway,high-​way
hill,No syllable
him,No syllable
himself,him-​self
hip,No syllable
hire,No syllable
his,No syllable
historian,his-​to-​ri-​an
historic,his-​tor-​ic
historical,his-​tor-​i-​cal
history,his-​to-​ry
hit,No syllable
hold,No syllable
hole,No syllable
holiday,hol-​i-​day
holy,ho-​ly
home,No syllable
homeless,home-​less
honest,hon-​est
honey,hon-​ey
honor,hon-​or
hope,No syllable
horizon,ho-​ri-​zon
horror,hor-​ror
horse,No syllable
hospital,hos-​pi-​tal
host,No syllable
hot,No syllable
hotel,ho-​tel
hour,No syllable
house,No syllable
household,house-​hold
housing,hous-​ing
how,No syllable
however,how-​ev-​er
huge,No syllable
human,hu-​man
humor,hu-​mor
hundred,hun-​dred
hungry,hun-​gry
hunter,hunt-​er
hunting,hunt-​ing
hurt,No syllable
husband,hus-​band
hypothesis,hy-​poth-​e-​sis
I,No syllable
ice,No syllable
idea,No syllable
ideal,ide-​al
identification,iden-​ti-​fi-​ca-​tion
identify,iden-​ti-​fy
identity,iden-​ti-​ty
ie,No syllable
if,No syllable
ignore,ig-​nore
ill,No syllable
illegal,il-​le-​gal
illness,ill-​ness
illustrate,il-​lus-​trate
image,im-​age
imagination,imag-​i-​na-​tion
imagine,imag-​ine
immediate,im-​me-​di-​ate
immediately,im-​me-​di-​ate-​ly
immigrant,im-​mi-​grant
immigration,im-​mi-​gra-​tion
impact,im-​pact
implement,im-​ple-​ment
implication,im-​pli-​ca-​tion
imply,im-​ply
importance,im-​por-​tance
important,im-​por-​tant
impose,im-​pose
impossible,im-​pos-​si-​ble
impress,im-​press
impression,im-​pres-​sion
impressive,im-​pres-​sive
improve,im-​prove
improvement,im-​prove-​ment
in,No syllable
incentive,in-​cen-​tive
incident,in-​ci-​dent
include,in-​clude
including,in-​clude
income,in-​come
incorporate,in-​cor-​po-​rate
increase,in-​crease
increased,in-​creased
increasing,in-​crease
increasingly,in-​creas-​ing-​ly
incredible,in-​cred-​i-​ble
indeed,in-​deed
independence,in-​de-​pen-​dence
independent,in-​de-​pen-​dent
index,in-​dex
Indian,In-​di-​an
indicate,in-​di-​cate
indication,in-​di-​ca-​tion
individual,in-​di-​vid-​u-​al
industrial,in-​dus-​tri-​al
industry,in-​dus-​try
infant,in-​fant
infection,in-​fec-​tion
inflation,in-​fla-​tion
influence,in-​flu-​ence
inform,in-​form
information,in-​for-​ma-​tion
ingredient,in-​gre-​di-​ent
initial,ini-​tial
initially,ini-​tial-​ly
initiative,ini-​tia-​tive
injury,in-​ju-​ry
inner,in-​ner
innocent,in-​no-​cent
inquiry,in-​qui-​ry
inside,in-​side
insight,in-​sight
insist,in-​sist
inspire,in-​spire
install,in-​stall
instance,in-​stance
instead,in-​stead
institution,in-​sti-​tu-​tion
institutional,in-​sti-​tu-​tion-​al
instruction,in-​struc-​tion
instructor,in-​struc-​tor
instrument,in-​stru-​ment
insurance,in-​sur-​ance
intellectual,in-​tel-​lec-​tu-​al
intelligence,in-​tel-​li-​gence
intend,in-​tend
intense,in-​tense
intensity,in-​ten-​si-​ty
intention,in-​ten-​tion
interaction,in-​ter-​ac-​tion
interest,in-​ter-​est
interested,in-​ter-​est-​ed
interesting,in-​ter-​est-​ing
internal,in-​ter-​nal
international,in-​ter-​na-​tion-​al
Internet,In-​ter-​net
interpret,in-​ter-​pret
interpretation,in-​ter-​pre-​ta-​tion
intervention,in-​ter-​ven-​tion
interview,in-​ter-​view
into,in-​to
introduce,in-​tro-​duce
introduction,in-​tro-​duc-​tion
invasion,in-​va-​sion
invest,in-​vest
investigate,in-​ves-​ti-​gate
investigation,in-​ves-​ti-​gate
investigator,in-​ves-​ti-​ga-​tor
investment,in-​vest-​ment
investor,in-​vest
invite,in-​vite
involve,in-​volve
involved,in-​volved
involvement,in-​volve-​ment
Iraqi,No syllable
Irish,No syllable
iron,No syllable
Islamic,Is-​lam
island,is-​land
Israeli,Is-​rae-​li
issue,is-​sue
it,No syllable
Italian,Ital-​ian
item,No syllable
its,No syllable
itself,it-​self
jacket,jack-​et
jail,No syllable
Japanese,Jap-​a-​nese
jet,No syllable
Jew,No syllable
Jewish,Jew-​ish
job,No syllable
join,No syllable
joint,No syllable
joke,No syllable
journal,jour-​nal
journalist,jour-​nal-​ist
journey,jour-​ney
joy,No syllable
judge,No syllable
judgment,judg-​ment
juice,No syllable
jump,No syllable
junior,ju-​nior
jury,ju-​ry
just,No syllable
justice,jus-​tice
justify,jus-​ti-​fy
keep,No syllable
key,No syllable
kick,No syllable
kid,No syllable
kill,No syllable
killer,kill-​er
killing,kill-​ing
kind,No syllable
king,No syllable
kiss,No syllable
kitchen,kitch-​en
knee,No syllable
knife,No syllable
knock,No syllable
know,No syllable
knowledge,knowl-​edge
lab,No syllable
label,la-​bel
labor,la-​bor
laboratory,lab-​o-​ra-​to-​ry
lack,No syllable
lady,la-​dy
lake,No syllable
land,No syllable
landscape,land-​scape
language,lan-​guage
lap,No syllable
large,No syllable
largely,large-​ly
last,No syllable
late,No syllable
later,lat-​er
Latin,Lat-​in
latter,lat-​ter
laugh,No syllable
launch,No syllable
law,No syllable
lawn,No syllable
lawsuit,law-​suit
lawyer,law-​yer
lay,No syllable
layer,lay-​er
lead,No syllable
leader,lead-​er
leadership,lead-​er-​ship
leading,lead-​ing
leaf,No syllable
league,No syllable
lean,No syllable
learn,No syllable
learning,learn-​ing
least,No syllable
leather,leath-​er
leave,No syllable
left,No syllable
leg,No syllable
legacy,leg-​a-​cy
legal,le-​gal
legend,leg-​end
legislation,leg-​is-​la-​tion
legitimate,le-​git-​i-​mate
lemon,lem-​on
length,No syllable
less,No syllable
lesson,les-​son
let,No syllable
letter,let-​ter
level,lev-​el
liberal,lib-​er-​al
library,li-​brary
license,li-​cense
lie,No syllable
life,No syllable
lifestyle,life-​style
lifetime,life-​time
lift,No syllable
light,No syllable
like,No syllable
likely,like-​ly
limit,lim-​it
limitation,lim-​i-​ta-​tion
limited,lim-​it-​ed
line,No syllable
link,No syllable
lip,No syllable
list,No syllable
listen,lis-​ten
literally,lit-​er-​al-​ly
literary,lit-​er-​ary
literature,lit-​er-​a-​ture
little,lit-​tle
live,No syllable
living,liv-​ing
load,No syllable
loan,No syllable
local,lo-​cal
locate,lo-​cate
location,lo-​ca-​tion
lock,No syllable
long,No syllable
long-term,No syllable
look,No syllable
loose,No syllable
lose,No syllable
loss,No syllable
lost,No syllable
lot,No syllable
lots,No syllable
loud,No syllable
love,No syllable
lovely,love-​ly
lover,lov-​er
low,No syllable
lower,low-​er
luck,No syllable
lucky,No syllable
lunch,No syllable
lung,No syllable
machine,ma-​chine
mad,No syllable
magazine,mag-​a-​zine
mail,No syllable
main,No syllable
mainly,main-​ly
maintain,main-​tain
maintenance,main-​te-​nance
major,ma-​jor
majority,ma-​jor-​i-​ty
make,No syllable
maker,mak-​er
makeup,make-​up
male,Ma-​le
mall,No syllable
man,No syllable
manage,man-​age
management,man-​age-​ment
manager,man-​ag-​er
manner,man-​ner
manufacturer,man-​u-​fac-​tur-​er
manufacturing,man-​u-​fac-​ture
many,No syllable
map,No syllable
margin,mar-​gin
mark,No syllable
market,mar-​ket
marketing,mar-​ket-​ing
marriage,mar-​riage
married,mar-​ried
marry,mar-​ry
mask,No syllable
mass,No syllable
massive,mas-​sive
master,mas-​ter
match,No syllable
material,ma-​te-​ri-​al
math,No syllable
matter,mat-​ter
may,No syllable
maybe,may-​be
mayor,may-​or
me,No syllable
meal,No syllable
mean,No syllable
meaning,mean-​ing
meanwhile,mean-​while
measure,mea-​sure
measurement,mea-​sure-​ment
meat,No syllable
mechanism,mech-​a-​nism
media,me-​dia
medical,med-​i-​cal
medication,med-​i-​ca-​tion
medicine,med-​i-​cine
medium,me-​di-​um
meet,No syllable
meeting,meet-​ing
member,mem-​ber
membership,mem-​ber-​ship
memory,mem-​o-​ry
mental,men-​tal
mention,men-​tion
menu,No syllable
mere,No syllable
merely,mere-​ly
mess,No syllable
message,mes-​sage
metal,met-​al
meter,me-​ter
method,meth-​od
Mexican,Mex-​i-​can
middle,mid-​dle
might,No syllable
military,mil-​i-​tary
milk,No syllable
million,mil-​lion
mind,No syllable
mine,No syllable
minister,min-​is-​ter
minor,mi-​nor
minority,mi-​nor-​i-​ty
minute,min-​ute
miracle,mir-​a-​cle
mirror,mir-​ror
miss,No syllable
missile,mis-​sile
mission,mis-​sion
mistake,mis-​take
mix,No syllable
mixture,mix-​ture
mm-hmm,No syllable
mode,No syllable
model,mod-​el
moderate,mod-​er-​ate
modern,mod-​ern
modest,mod-​est
mom,No syllable
moment,mo-​ment
money,mon-​ey
monitor,mon-​i-​tor
month,No syllable
mood,No syllable
moon,No syllable
moral,mor-​al
more,No syllable
moreover,more-​over
morning,morn-​ing
mortgage,mort-​gage
most,No syllable
mostly,most-​ly
mother,moth-​er
motion,mo-​tion
motivation,mo-​ti-​va-​tion
motor,mo-​tor
mount,No syllable
mountain,moun-​tain
mouse,No syllable
mouth,No syllable
move,No syllable
movement,move-​ment
movie,mov-​ie
Mr,No syllable
Mrs,No syllable
Ms,No syllable
much,No syllable
multiple,mul-​ti-​ple
murder,mur-​der
muscle,mus-​cle
museum,mu-​se-​um
music,mu-​sic
musical,mu-​si-​cal
musician,mu-​si-​cian
Muslim,Mus-​lim
must,No syllable
mutual,mu-​tu-​al
my,No syllable
myself,my-​self
mystery,mys-​tery
myth,No syllable
naked,na-​ked
name,No syllable
narrative,nar-​ra-​tive
narrow,nar-​row
nation,na-​tion
national,na-​tion-​al
native,na-​tive
natural,nat-​u-​ral
naturally,nat-​u-​ral-​ly
nature,na-​ture
near,No syllable
nearby,near-​by
nearly,near-​ly
necessarily,nec-​es-​sar-​i-​ly
necessary,nec-​es-​sary
neck,No syllable
need,No syllable
negative,neg-​a-​tive
negotiate,ne-​go-​ti-​ate
negotiation,ne-​go-​ti-​a-​tion
neighbor,neigh-​bor
neighborhood,neigh-​bor-​hood
neither,nei-​ther
nerve,No syllable
nervous,ner-​vous
net,No syllable
network,net-​work
never,nev-​er
nevertheless,nev-​er-​the-​less
new,No syllable
newly,new-​ly
news,No syllable
newspaper,news-​pa-​per
next,No syllable
nice,No syllable
night,No syllable
nine,No syllable
no,No syllable
nobody,no-​body
nod,No syllable
noise,No syllable
nomination,nom-​i-​na-​tion
none,No syllable
nonetheless,none-​the-​less
nor,No syllable
normal,nor-​mal
normally,nor-​mal
north,No syllable
northern,north-​ern
nose,No syllable
not,No syllable
note,No syllable
nothing,noth-​ing
notice,no-​tice
notion,no-​tion
novel,nov-​el
now,No syllable
nowhere,no-​where
n't,No syllable
nuclear,nu-​cle-​ar
number,num-​ber
numerous,nu-​mer-​ous
nurse,No syllable
nut,No syllable
object,ob-​ject
objective,ob-​jec-​tive
obligation,ob-​li-​ga-​tion
observation,ob-​ser-​va-​tion
observe,ob-​serve
observer,ob-​serv-​er
obtain,ob-​tain
obvious,ob-​vi-​ous
obviously,ob-​vi-​ous-​ly
occasion,oc-​ca-​sion
occasionally,oc-​ca-​sion-​al-​ly
occupation,oc-​cu-​pa-​tion
occupy,oc-​cu-​py
occur,oc-​cur
ocean,No syllable
odd,No syllable
odds,No syllable
of,No syllable
off,No syllable
offense,of-​fense
offensive,of-​fen-​sive
offer,of-​fer
office,of-​fice
officer,of-​fi-​cer
official,of-​fi-​cial
often,of-​ten
oh,No syllable
oil,No syllable
ok,No syllable
okay,No syllable
old,No syllable
Olympic,Olym-​pic
on,No syllable
once,No syllable
one,No syllable
ongoing,on-​go-​ing
onion,on-​ion
online,on-​line
only,on-​ly
onto,on-​to
open,No syllable
opening,open-​ing
operate,op-​er-​ate
operating,op-​er-​at-​ing
operation,op-​er-​a-​tion
operator,op-​er-​a-​tor
opinion,opin-​ion
opponent,op-​po-​nent
opportunity,op-​por-​tu-​ni-​ty
oppose,op-​pose
opposite,op-​po-​site
opposition,op-​po-​si-​tion
option,op-​tion
or,No syllable
orange,or-​ange
order,or-​der
ordinary,or-​di-​nary
organic,or-​gan-​ic
organization,or-​ga-​ni-​za-​tion
organize,or-​ga-​nize
orientation,ori-​en-​ta-​tion
origin,or-​i-​gin
original,orig-​i-​nal
originally,orig-​i-​nal-​ly
other,oth-​er
others,oth-​er
otherwise,oth-​er-​wise
ought,No syllable
our,No syllable
ourselves,our-​selves
out,No syllable
outcome,out-​come
outside,out-​side
oven,ov-​en
over,No syllable
overall,over-​all
overcome,over-​come
overlook,over-​look
owe,No syllable
own,No syllable
owner,own-​er
pace,pa-​ce
pack,No syllable
package,pack-​age
page,No syllable
pain,No syllable
painful,pain-​ful
paint,No syllable
painter,paint-​er
painting,paint-​ing
pair,No syllable
pale,No syllable
Palestinian,Pal-​es-​tine
palm,No syllable
pan,No syllable
panel,pan-​el
pant,No syllable
paper,pa-​per
parent,par-​ent
park,No syllable
parking,No syllable
part,No syllable
participant,par-​tic-​i-​pant
participate,par-​tic-​i-​pate
participation,par-​tic-​i-​pa-​tion
particular,par-​tic-​u-​lar
particularly,par-​tic-​u-​lar-​ly
partly,part-​ly
partner,part-​ner
partnership,part-​ner-​ship
party,par-​ty
pass,No syllable
passage,pas-​sage
passenger,pas-​sen-​ger
passion,pas-​sion
past,No syllable
patch,No syllable
path,No syllable
patient,pa-​tient
pattern,pat-​tern
pause,No syllable
pay,No syllable
payment,pay-​ment
PC,No syllable
peace,No syllable
peak,No syllable
peer,No syllable
penalty,pen-​al-​ty
people,peo-​ple
pepper,pep-​per
per,No syllable
perceive,per-​ceive
percentage,per-​cent-​age
perception,per-​cep-​tion
perfect,per-​fect
perfectly,per-​fect-​ly
perform,per-​form
performance,per-​for-​mance
perhaps,per-​haps
period,pe-​ri-​od
permanent,per-​ma-​nent
permission,per-​mis-​sion
permit,per-​mit
person,per-​son
personal,per-​son-​al
personality,per-​son-​al-​i-​ty
personally,per-​son-​al-​ly
personnel,per-​son-​nel
perspective,per-​spec-​tive
persuade,per-​suade
pet,No syllable
phase,No syllable
phenomenon,phe-​nom-​e-​non
philosophy,phi-​los-​o-​phy
phone,No syllable
photo,pho-​to
photograph,pho-​to-​graph
photographer,pho-​tog-​ra-​pher
phrase,No syllable
physical,phys-​i-​cal
physically,phys-​i-​cal-​ly
physician,phy-​si-​cian
piano,pi-​a-​no
pick,No syllable
picture,pic-​ture
pie,No syllable
piece,No syllable
pile,No syllable
pilot,pi-​lot
pine,No syllable
pink,No syllable
pipe,No syllable
pitch,No syllable
place,No syllable
plan,No syllable
plane,No syllable
planet,plan-​et
planning,plan-​ning
plant,No syllable
plastic,plas-​tic
plate,No syllable
platform,plat-​form
play,No syllable
player,play-​er
please,No syllable
pleasure,plea-​sure
plenty,plen-​ty
plot,No syllable
plus,No syllable
PM,No syllable
pocket,pock-​et
poem,po-​em
poet,po-​et
poetry,po-​et-​ry
point,No syllable
pole,No syllable
police,po-​lice
policy,pol-​i-​cy
political,po-​lit-​i-​cal
politically,po-​lit-​i-​cal
politician,pol-​i-​ti-​cian
politics,pol-​i-​tics
poll,No syllable
pollution,pol-​lu-​tion
pool,No syllable
poor,No syllable
pop,No syllable
popular,pop-​u-​lar
population,pop-​u-​la-​tion
porch,No syllable
port,No syllable
portion,por-​tion
portrait,por-​trait
portray,por-​tray
pose,No syllable
position,po-​si-​tion
positive,pos-​i-​tive
possess,pos-​sess
possibility,pos-​si-​bil-​i-​ty
possible,pos-​si-​ble
possibly,pos-​si-​bly
post,No syllable
pot,No syllable
potato,po-​ta-​to
potential,po-​ten-​tial
potentially,po-​ten-​tial-​ly
pound,No syllable
pour,No syllable
poverty,pov-​er-​ty
powder,pow-​der
power,pow-​er
powerful,pow-​er-​ful
practical,prac-​ti-​cal
practice,prac-​tice
pray,No syllable
prayer,pray-​er
precisely,pre-​cise-​ly
predict,pre-​dict
prefer,pre-​fer
preference,pref-​er-​ence
pregnancy,preg-​nan-​cy
pregnant,preg-​nant
preparation,prep-​a-​ra-​tion
prepare,pre-​pare
prescription,pre-​scrip-​tion
presence,pres-​ence
present,pres-​ent
presentation,pre-​sen-​ta-​tion
preserve,pre-​serve
president,pres-​i-​dent
presidential,pres-​i-​den-​tial
press,No syllable
pressure,pres-​sure
pretend,pre-​tend
pretty,pret-​ty
prevent,pre-​vent
previous,pre-​vi-​ous
previously,pre-​vi-​ous
price,No syllable
pride,No syllable
priest,No syllable
primarily,pri-​mar-​i-​ly
primary,pri-​ma-​ry
prime,No syllable
principal,prin-​ci-​pal
principle,prin-​ci-​ple
print,No syllable
prior,pri-​or
priority,pri-​or-​i-​ty
prison,pris-​on
prisoner,pris-​on-​er
privacy,pri-​va-​cy
private,pri-​vate
probably,prob-​a-​bly
problem,prob-​lem
procedure,pro-​ce-​dure
proceed,pro-​ceed
process,pro-​cess
produce,pro-​duce
producer,pro-​duc-​er
product,prod-​uct
production,pro-​duc-​tion
profession,pro-​fes-​sion
professional,pro-​fes-​sion-​al
professor,pro-​fes-​sor
profile,pro-​file
profit,prof-​it
program,pro-​gram
progress,prog-​ress
project,proj-​ect
prominent,prom-​i-​nent
promise,prom-​ise
promote,pro-​mote
prompt,No syllable
proof,No syllable
proper,prop-​er
properly,prop-​er-​ly
property,prop-​er-​ty
proportion,pro-​por-​tion
proposal,pro-​pos-​al
propose,pro-​pose
proposed,pro-​pose
prosecutor,pros-​e-​cu-​tor
prospect,pros-​pect
protect,pro-​tect
protection,pro-​tec-​tion
protein,pro-​tein
protest,pro-​test
proud,No syllable
prove,No syllable
provide,pro-​vide
provider,pro-​vid-​er
province,prov-​ince
provision,pro-​vi-​sion
psychological,psy-​cho-​log-​i-​cal
psychologist,psy-​chol-​o-​gist
psychology,psy-​chol-​o-​gy
public,pub-​lic
publication,pub-​li-​ca-​tion
publicly,pub-​lic-​ly
publish,pub-​lish
publisher,pub-​lish-​er
pull,No syllable
punishment,pun-​ish-​ment
purchase,pur-​chase
pure,No syllable
purpose,pur-​pose
pursue,pur-​sue
push,No syllable
put,No syllable
qualify,qual-​i-​fy
quality,qual-​i-​ty
quarter,quar-​ter
quarterback,quar-​ter-​back
question,ques-​tion
quick,No syllable
quickly,No syllable
quiet,qui-​et
quietly,qui-​et
quit,No syllable
quite,No syllable
quote,No syllable
race,No syllable
racial,ra-​cial
radical,rad-​i-​cal
radio,ra-​dio
rail,No syllable
rain,No syllable
raise,No syllable
range,No syllable
rank,No syllable
rapid,rap-​id
rapidly,rap-​id
rare,No syllable
rarely,rare-​ly
rate,No syllable
rather,rath-​er
rating,rat-​ing
ratio,ra-​tio
raw,No syllable
reach,No syllable
react,re-​act
reaction,re-​ac-​tion
read,No syllable
reader,read-​er
reading,read-​ing
ready,No syllable
real,re-​al
reality,re-​al-​i-​ty
realize,re-​al-​ize
really,re-​al-​ly
reason,rea-​son
reasonable,rea-​son-​able
recall,re-​call
receive,re-​ceive
recent,re-​cent
recently,re-​cent-​ly
recipe,rec-​i-​pe
recognition,rec-​og-​ni-​tion
recognize,rec-​og-​nize
recommend,rec-​om-​mend
recommendation,rec-​om-​men-​da-​tion
record,re-​cord
recording,re-​cord-​ing
recover,re-​cov-​er
recovery,re-​cov-​ery
recruit,re-​cruit
red,No syllable
reduce,re-​duce
reduction,re-​duc-​tion
refer,re-​fer
reference,ref-​er-​ence
reflect,re-​flect
reflection,re-​flec-​tion
reform,re-​form
refugee,ref-​u-​gee
refuse,re-​fuse
regard,re-​gard
regarding,re-​gard-​ing
regardless,re-​gard-​less
regime,re-​gime
region,re-​gion
regional,re-​gion-​al
register,reg-​is-​ter
regular,reg-​u-​lar
regularly,reg-​u-​lar-​ly
regulate,reg-​u-​late
regulation,reg-​u-​la-​tion
reinforce,re-​in-​force
reject,re-​ject
relate,re-​late
relation,re-​la-​tion
relationship,re-​la-​tion-​ship
relative,rel-​a-​tive
relatively,rel-​a-​tive-​ly
relax,re-​lax
release,re-​lease
relevant,rel-​e-​vant
relief,re-​lief
religion,re-​li-​gion
religious,re-​li-​gious
rely,re-​ly
remain,re-​main
remaining,re-​main-​ing
remarkable,re-​mark-​able
remember,re-​mem-​ber
remind,re-​mind
remote,re-​mote
remove,re-​move
repeat,re-​peat
repeatedly,re-​peat-​ed-​ly
replace,re-​place
reply,re-​ply
report,re-​port
reporter,re-​port-​er
represent,rep-​re-​sent
representation,rep-​re-​sen-​ta-​tion
representative,rep-​re-​sen-​ta-​tive
Republican,re-​pub-​li-​can
reputation,rep-​u-​ta-​tion
request,re-​quest
require,re-​quire
requirement,re-​quire-​ment
research,re-​search
researcher,re-​search
resemble,re-​sem-​ble
reservation,res-​er-​va-​tion
resident,res-​i-​dent
resist,re-​sist
resistance,re-​sis-​tance
resolution,res-​o-​lu-​tion
resolve,re-​solve
resort,re-​sort
resource,re-​source
respect,re-​spect
respond,re-​spond
respondent,re-​spon-​dent
response,re-​sponse
responsibility,re-​spon-​si-​bil-​i-​ty
responsible,re-​spon-​si-​ble
rest,No syllable
restaurant,res-​tau-​rant
restore,re-​store
restriction,re-​stric-​tion
result,re-​sult
retain,re-​tain
retire,re-​tire
retirement,re-​tire-​ment
return,re-​turn
reveal,re-​veal
revenue,rev-​e-​nue
review,re-​view
revolution,rev-​o-​lu-​tion
rhythm,No syllable
rice,No syllable
rich,No syllable
rid,No syllable
ride,No syllable
rifle,ri-​fle
right,No syllable
ring,No syllable
rise,No syllable
risk,No syllable
river,riv-​er
road,No syllable
rock,No syllable
role,No syllable
roll,No syllable
romantic,ro-​man-​tic
roof,No syllable
room,No syllable
root,No syllable
rope,No syllable
rose,ro-​sé
rough,No syllable
roughly,rough-​ly
round,No syllable
route,No syllable
routine,rou-​tine
row,No syllable
rub,No syllable
rule,No syllable
run,No syllable
running,run-​ning
rural,ru-​ral
rush,No syllable
Russian,Rus-​sian
sacred,sa-​cred
sad,No syllable
safe,No syllable
safety,safe-​ty
sake,sa-​ke
salad,sal-​ad
salary,sal-​a-​ry
sale,Sa-​lé
sales,No syllable
salt,No syllable
same,No syllable
sample,sam-​ple
sanction,sanc-​tion
sand,No syllable
satellite,sat-​el-​lite
satisfaction,sat-​is-​fac-​tion
satisfy,sat-​is-​fy
sauce,No syllable
save,No syllable
saving,sav-​ing
say,No syllable
scale,No syllable
scandal,scan-​dal
scared,No syllable
scenario,sce-​nar-​io
scene,No syllable
schedule,sched-​ule
scheme,No syllable
scholar,schol-​ar
scholarship,schol-​ar-​ship
school,No syllable
science,sci-​ence
scientific,sci-​en-​tif-​ic
scientist,sci-​en-​tist
scope,No syllable
score,No syllable
scream,No syllable
screen,No syllable
script,No syllable
sea,No syllable
search,No syllable
season,sea-​son
seat,No syllable
second,sec-​ond
secret,se-​cret
secretary,sec-​re-​tary
section,sec-​tion
sector,sec-​tor
secure,se-​cure
security,se-​cu-​ri-​ty
see,No syllable
seed,No syllable
seek,No syllable
seem,No syllable
segment,seg-​ment
seize,No syllable
select,se-​lect
selection,se-​lec-​tion
self,No syllable
sell,No syllable
Senate,sen-​ate
senator,sen-​a-​tor
send,No syllable
senior,se-​nior
sense,No syllable
sensitive,sen-​si-​tive
sentence,sen-​tence
separate,sep-​a-​rate
sequence,se-​quence
series,se-​ries
serious,se-​ri-​ous
seriously,se-​ri-​ous-​ly
serve,No syllable
service,ser-​vice
session,ses-​sion
set,No syllable
setting,set-​ting
settle,set-​tle
settlement,set-​tle-​ment
seven,sev-​en
several,sev-​er-​al
severe,se-​vere
sex,No syllable
sexual,sex-​u-​al
shade,No syllable
shadow,shad-​ow
shake,No syllable
shall,No syllable
shape,No syllable
share,No syllable
sharp,No syllable
she,No syllable
sheet,No syllable
shelf,No syllable
shell,No syllable
shelter,shel-​ter
shift,No syllable
shine,No syllable
ship,No syllable
shirt,No syllable
shit,No syllable
shock,No syllable
shoe,No syllable
shoot,No syllable
shooting,shoot-​ing
shop,No syllable
shopping,No syllable
shore,No syllable
short,No syllable
shortly,short-​ly
shot,No syllable
should,No syllable
shoulder,shoul-​der
shout,No syllable
show,No syllable
shower,show-​er
shrug,No syllable
shut,No syllable
sick,No syllable
side,No syllable
sigh,No syllable
sight,No syllable
sign,No syllable
signal,sig-​nal
significance,sig-​nif-​i-​cance
significant,sig-​nif-​i-​cant
significantly,sig-​nif-​i-​cant-​ly
silence,si-​lence
silent,si-​lent
silver,sil-​ver
similar,sim-​i-​lar
similarly,sim-​i-​lar
simple,sim-​ple
simply,sim-​ply
sin,No syllable
since,No syllable
sing,No syllable
singer,sing-​er
single,sin-​gle
sink,No syllable
sir,No syllable
sister,sis-​ter
sit,No syllable
site,No syllable
situation,sit-​u-​a-​tion
six,No syllable
size,No syllable
ski,No syllable
skill,No syllable
skin,No syllable
sky,No syllable
slave,No syllable
sleep,No syllable
slice,No syllable
slide,No syllable
slight,No syllable
slightly,No syllable
slip,No syllable
slow,No syllable
slowly,slow-​ly
small,No syllable
smart,No syllable
smell,No syllable
smile,No syllable
smoke,No syllable
smooth,No syllable
snap,No syllable
snow,No syllable
so,No syllable
so-called,No syllable
soccer,soc-​cer
social,so-​cial
society,so-​ci-​e-​ty
soft,No syllable
software,soft-​ware
soil,No syllable
solar,so-​lar
soldier,sol-​dier
solid,sol-​id
solution,so-​lu-​tion
solve,No syllable
some,No syllable
somebody,some-​body
somehow,some-​how
someone,some-​one
something,some-​thing
sometimes,some-​times
somewhat,some-​what
somewhere,some-​where
son,No syllable
song,No syllable
soon,No syllable
sophisticated,so-​phis-​ti-​cat-​ed
sorry,sor-​ry
sort,No syllable
soul,No syllable
sound,No syllable
soup,No syllable
source,No syllable
south,No syllable
southern,south-​ern
Soviet,so-​vi-​et
space,No syllable
Spanish,Span-​ish
speak,No syllable
speaker,speak-​er
special,spe-​cial
specialist,spe-​cial-​ist
species,spe-​cies
specific,spe-​cif-​ic
specifically,spe-​cif-​i-​cal-​ly
speech,No syllable
speed,No syllable
spend,No syllable
spending,No syllable
spin,No syllable
spirit,spir-​it
spiritual,spir-​i-​tu-​al
split,No syllable
spokesman,spokes-​man
sport,No syllable
spot,No syllable
spread,No syllable
spring,No syllable
square,No syllable
squeeze,No syllable
stability,sta-​bil-​i-​ty
stable,sta-​ble
staff,No syllable
stage,No syllable
stair,No syllable
stake,No syllable
stand,No syllable
standard,stan-​dard
standing,stand-​ing
star,No syllable
stare,No syllable
start,No syllable
state,No syllable
statement,state-​ment
station,sta-​tion
statistics,sta-​tis-​tics
status,sta-​tus
stay,No syllable
steady,No syllable
steal,No syllable
steel,No syllable
step,No syllable
stick,No syllable
still,No syllable
stir,No syllable
stock,No syllable
stomach,stom-​ach
stone,No syllable
stop,No syllable
storage,stor-​age
store,No syllable
storm,No syllable
story,sto-​ry
straight,No syllable
strange,No syllable
stranger,strang-​er
strategic,stra-​te-​gic
strategy,strat-​e-​gy
stream,No syllable
street,No syllable
strength,No syllable
strengthen,strength-​en
stress,No syllable
stretch,No syllable
strike,No syllable
string,No syllable
strip,No syllable
stroke,No syllable
strong,No syllable
strongly,strong-​ly
structure,struc-​ture
struggle,strug-​gle
student,stu-​dent
studio,stu-​dio
study,No syllable
stuff,No syllable
stupid,stu-​pid
style,No syllable
subject,sub-​ject
submit,sub-​mit
subsequent,sub-​se-​quent
substance,sub-​stance
substantial,sub-​stan-​tial
succeed,suc-​ceed
success,suc-​cess
successful,suc-​cess-​ful
successfully,suc-​cess-​ful
such,No syllable
sudden,sud-​den
suddenly,sud-​den
sue,No syllable
suffer,suf-​fer
sufficient,suf-​fi-​cient
sugar,sug-​ar
suggest,sug-​gest
suggestion,sug-​ges-​tion
suicide,sui-​cide
suit,No syllable
summer,sum-​mer
summit,sum-​mit
sun,No syllable
super,su-​per
supply,sup-​ply
support,sup-​port
supporter,sup-​port-​er
suppose,sup-​pose
supposed,sup-​posed
Supreme,su-​preme
sure,No syllable
surely,sure-​ly
surface,sur-​face
surgery,sur-​gery
surprise,sur-​prise
surprised,sur-​prised
surprising,sur-​pris-​ing
surprisingly,sur-​pris-​ing-​ly
surround,sur-​round
survey,sur-​vey
survival,sur-​viv-​al
survive,sur-​vive
survivor,sur-​vive
suspect,sus-​pect
sustain,sus-​tain
swear,No syllable
sweep,No syllable
sweet,No syllable
swim,No syllable
swing,No syllable
switch,No syllable
symbol,sym-​bol
symptom,symp-​tom
system,sys-​tem
table,ta-​ble
tablespoon,ta-​ble-​spoon
tactic,tac-​tic
tail,No syllable
take,No syllable
tale,No syllable
talent,tal-​ent
talk,No syllable
tall,No syllable
tank,No syllable
tap,No syllable
tape,No syllable
target,tar-​get
task,No syllable
taste,No syllable
tax,No syllable
taxpayer,tax-​pay-​er
tea,No syllable
teach,No syllable
teacher,teach-​er
teaching,teach-​ing
team,No syllable
tear,No syllable
teaspoon,tea-​spoon
technical,tech-​ni-​cal
technique,tech-​nique
technology,tech-​nol-​o-​gy
teen,No syllable
teenager,teen-​age
telephone,tele-​phone
telescope,tele-​scope
television,tele-​vi-​sion
tell,No syllable
temperature,tem-​per-​a-​ture
temporary,tem-​po-​rary
ten,No syllable
tend,No syllable
tendency,ten-​den-​cy
tennis,ten-​nis
tension,ten-​sion
tent,No syllable
term,No syllable
terms,No syllable
terrible,ter-​ri-​ble
territory,ter-​ri-​to-​ry
terror,ter-​ror
terrorism,ter-​ror-​ism
terrorist,ter-​ror-​ist
test,No syllable
testify,tes-​ti-​fy
testimony,tes-​ti-​mo-​ny
testing,test-​ing
text,No syllable
than,No syllable
thank,No syllable
thanks,No syllable
that,No syllable
the,No syllable
theater,the-​ater
their,No syllable
them,No syllable
theme,No syllable
themselves,them-​selves
then,No syllable
theory,the-​o-​ry
therapy,ther-​a-​py
there,No syllable
therefore,there-​fore
these,No syllable
they,No syllable
thick,No syllable
thin,No syllable
thing,No syllable
think,No syllable
thinking,think-​ing
third,No syllable
thirty,thir-​ty
this,No syllable
those,No syllable
though,No syllable
thought,No syllable
thousand,thou-​sand
threat,No syllable
threaten,threat-​en
three,No syllable
throat,No syllable
through,No syllable
throughout,through-​out
throw,No syllable
thus,No syllable
ticket,tick-​et
tie,No syllable
tight,No syllable
time,No syllable
tiny,ti-​ny
tip,No syllable
tire,No syllable
tired,No syllable
tissue,tis-​sue
title,ti-​tle
to,No syllable
tobacco,to-​bac-​co
today,to-​day
toe,No syllable
together,to-​geth-​er
tomato,to-​ma-​to
tomorrow,to-​mor-​row
tone,No syllable
tongue,No syllable
tonight,to-​night
too,No syllable
tool,No syllable
tooth,No syllable
top,No syllable
topic,top-​ic
toss,No syllable
total,to-​tal
totally,to-​tal-​ly
touch,No syllable
tough,No syllable
tour,No syllable
tourist,tour-​ist
tournament,tour-​na-​ment
toward,to-​ward
towards,to-​ward
tower,tow-​er
town,No syllable
toy,No syllable
trace,No syllable
track,No syllable
trade,No syllable
tradition,tra-​di-​tion
traditional,tra-​di-​tion-​al
traffic,traf-​fic
tragedy,trag-​e-​dy
trail,No syllable
train,No syllable
training,train-​ing
transfer,trans-​fer
transform,trans-​form
transformation,trans-​for-​ma-​tion
transition,tran-​si-​tion
translate,trans-​late
transportation,trans-​por-​ta-​tion
travel,trav-​el
treat,No syllable
treatment,treat-​ment
treaty,trea-​ty
tree,No syllable
tremendous,tre-​men-​dous
trend,No syllable
trial,tri-​al
tribe,No syllable
trick,No syllable
trip,No syllable
troop,No syllable
trouble,trou-​ble
truck,No syllable
true,No syllable
truly,tru-​ly
trust,No syllable
truth,No syllable
try,No syllable
tube,No syllable
tunnel,tun-​nel
turn,No syllable
TV,No syllable
twelve,No syllable
twenty,twen-​ty
twice,No syllable
twin,No syllable
two,No syllable
type,No syllable
typical,typ-​i-​cal
typically,typ-​i-​cal-​ly
ugly,ug-​ly
ultimate,ul-​ti-​mate
ultimately,ul-​ti-​mate-​ly
unable,un-​able
uncle,un-​cle
under,un-​der
undergo,un-​der-​go
understand,un-​der-​stand
understanding,un-​der-​stand-​ing
unfortunately,un-​for-​tu-​nate-​ly
uniform,uni-​form
union,No syllable
unique,No syllable
unit,No syllable
United,unit-​ed
universal,uni-​ver-​sal
universe,uni-​verse
university,uni-​ver-​si-​ty
unknown,un-​known
unless,un-​less
unlike,un-​like
unlikely,un-​like-​ly
until,un-​til
unusual,un-​usu-​al
up,No syllable
upon,up-​on
upper,up-​per
urban,ur-​ban
urge,No syllable
us,No syllable
use,No syllable
used,No syllable
useful,use-​ful
user,us-​er
usual,usu-​al
usually,usu-​al-​ly
utility,util-​i-​ty
vacation,va-​ca-​tion
valley,val-​ley
valuable,valu-​able
value,val-​ue
variable,var-​i-​able
variation,var-​i-​a-​tion
variety,va-​ri-​e-​ty
various,var-​i-​ous
vary,No syllable
vast,No syllable
vegetable,veg-​e-​ta-​ble
vehicle,ve-​hi-​cle
venture,ven-​ture
version,ver-​sion
versus,ver-​sus
very,No syllable
vessel,ves-​sel
veteran,vet-​er-​an
via,No syllable
victim,vic-​tim
victory,vic-​to-​ry
video,vid-​eo
view,No syllable
viewer,view-​er
village,vil-​lage
violate,vi-​o-​late
violation,vi-​o-​la-​tion
violence,vi-​o-​lence
violent,vi-​o-​lent
virtually,vir-​tu-​al-​ly
virtue,vir-​tue
virus,vi-​rus
visible,vis-​i-​ble
vision,vi-​sion
visit,vis-​it
visitor,vis-​i-​tor
visual,vi-​su-​al
vital,vi-​tal
voice,No syllable
volume,vol-​ume
volunteer,vol-​un-​teer
vote,No syllable
voter,vot-​er
vs,No syllable
vulnerable,vul-​ner-​a-​ble
wage,No syllable
wait,No syllable
wake,No syllable
walk,No syllable
wall,No syllable
wander,wan-​der
want,No syllable
war,No syllable
warm,No syllable
warn,No syllable
warning,warn-​ing
wash,No syllable
waste,No syllable
watch,No syllable
water,wa-​ter
wave,No syllable
way,No syllable
we,No syllable
weak,No syllable
wealth,No syllable
wealthy,No syllable
weapon,weap-​on
wear,No syllable
weather,weath-​er
wedding,wed-​ding
week,No syllable
weekend,week-​end
weekly,week-​ly
weigh,No syllable
weight,No syllable
welcome,wel-​come
welfare,wel-​fare
well,No syllable
west,No syllable
western,west-​ern
wet,No syllable
what,No syllable
whatever,what-​ev-​er
wheel,No syllable
when,No syllable
whenever,when-​ev-​er
where,No syllable
whereas,where-​as
whether,wheth-​er
which,No syllable
while,No syllable
whisper,whis-​per
white,No syllable
who,No syllable
whole,No syllable
whom,No syllable
whose,No syllable
why,No syllable
wide,No syllable
widely,wide-​ly
widespread,wide-​spread
wife,No syllable
wild,No syllable
will,No syllable
willing,will-​ing
win,No syllable
wind,No syllable
window,win-​dow
wine,No syllable
wing,No syllable
winner,win-​ner
winter,win-​ter
wipe,No syllable
wire,No syllable
wisdom,wis-​dom
wise,No syllable
wish,No syllable
with,No syllable
withdraw,with-​draw
within,with-​in
without,with-​out
witness,wit-​ness
woman,wom-​an
wonder,won-​der
wonderful,won-​der-​ful
wood,No syllable
wooden,wood-​en
word,No syllable
work,No syllable
worker,work-​er
working,work-​ing
works,No syllable
workshop,work-​shop
world,No syllable
worried,wor-​ried
worry,wor-​ry
worth,No syllable
would,No syllable
wound,No syllable
wrap,No syllable
write,No syllable
writer,writ-​er
writing,writ-​ing
wrong,No syllable
yard,No syllable
yeah,No syllable
year,No syllable
yell,No syllable
yellow,yel-​low
yes,No syllable
yesterday,yes-​ter-​day
yet,No syllable
yield,No syllable
you,No syllable
young,No syllable
your,No syllable
yours,No syllable
yourself,your-​self
youth,No syllable
zone,No syllable
